name,screen_name,female,age,term,party,government,constituency,region,country,constituency_type,electorate,turnout,majority
Aaron Bell,AaronBell4NUL,0,41,1,Conservative,1,Newcastle-under-Lyme,West Midlands,England,Borough,68211,65.58912785,16.64319721
Abena Oppong-Asare,abenaopp,1,121,1,Labour,0,Erith and Thamesmead,London,England,Borough,65399,63.27925503,9.080804176
Adam Afriyie,AdamAfriyie,0,56,5,Conservative,1,Windsor,South East,England,County,75038,71.63037394,37.35627907
Adam Holloway,,0,56,5,Conservative,1,Gravesham,South East,England,County,73242,64.93541957,32.7607233
Afzal Khan,Afzal4Gorton,0,61,2,Labour,0,"Manchester, Gorton",North West,England,Borough,76419,58.2904775,68.10865417
Alan Brown,AlanBrownSNP,0,51,3,SNP,0,Kilmarnock and Loudoun,Scotland,Scotland,County,74517,63.9196425,26.57722912
Alan Campbell,alancampbellmp,0,64,7,Labour,0,Tynemouth,North East,England,Borough,77261,72.52559506,8.667951601
Alan Mak,AlanMakMP,0,38,3,Conservative,1,Havant,South East,England,Borough,72103,63.74075975,47.41617529
Alan Whitehead,alanwhiteheadmp,0,71,7,Labour,0,"Southampton, Test",South East,England,Borough,70116,64.17080267,13.8085078
Alberto Costa,AlbertoCostaMP,0,50,3,Conservative,1,South Leicestershire,East Midlands,England,County,80520,71.37232986,41.76860568
Alec Shelbrooke,AlecShelbrooke,0,45,4,Conservative,1,Elmet and Rothwell,Yorkshire and The Humber,England,County,80957,71.92089628,29.80334908
Alex Burghart,alexburghart,0,44,2,Conservative,1,Brentwood and Ongar,East,England,County,75255,70.35944456,54.89244367
Alex Chalk,AlexChalkChelt,0,45,3,Conservative,1,Cheltenham,South West,England,Borough,81044,73.24046197,1.652711559
Alex Cunningham,ACunninghamMP,0,66,4,Labour,0,Stockton North,North East,England,Borough,66649,61.75036385,2.495383419
Alex Davies-Jones,AlexDaviesJones,1,121,1,Labour,0,Pontypridd,Wales,Wales,County,60327,64.74712815,15.07168459
Alex Norris,AlexNorrisNN,0,37,2,Labour,0,Nottingham North,East Midlands,England,Borough,66495,53.1167757,12.71234428
Alex Sobel,alexsobel,0,46,2,Labour,0,Leeds North West,Yorkshire and The Humber,England,Borough,67741,72.75209991,21.81076639
Alexander Stafford,Alex_Stafford,0,34,1,Conservative,1,Rother Valley,Yorkshire and The Humber,England,County,74804,65.10079675,12.97383876
Alicia Kearns,aliciakearns,1,121,1,Conservative,1,Rutland and Melton,East Midlands,England,County,82705,70.50359712,46.17389813
Alison McGovern,Alison_McGovern,1,41,4,Labour,0,Wirral South,North West,England,County,57280,76.0247905,14.01933543
Alison Thewliss,alisonthewliss,1,39,3,SNP,0,Glasgow Central,Scotland,Scotland,Borough,69230,57.93008811,16.14262561
Alistair Carmichael,amcarmichaelMP,0,56,6,LibDem,0,Orkney and Shetland,Scotland,Scotland,County,34211,67.69752419,10.82469775
Alister Jack,,0,57,2,Conservative,1,Dumfries and Galloway,Scotland,Scotland,County,74580,68.95816573,3.509692975
Allan Dorans,,0,66,1,SNP,0,"Ayr, Carrick and Cumnock",Scotland,Scotland,County,71970,64.73808531,4.998712225
Alok Sharma,AlokSharma_RDG,0,54,4,Conservative,1,Reading West,South East,England,County,74137,67.97145825,8.169947611
Alun Cairns,AlunCairns,0,51,4,Conservative,1,Vale of Glamorgan,Wales,Wales,County,76508,71.63564595,6.499169814
Alyn Smith,AlynSmith,0,48,1,SNP,0,Stirling,Scotland,Scotland,County,68473,76.84780863,17.58646902
Amanda Milling,amandamilling,1,46,3,Conservative,1,Cannock Chase,West Midlands,England,County,74813,61.90501651,42.92315333
Amanda Solloway,ASollowayUK,1,60,3,Conservative,1,Derby North,East Midlands,England,Borough,73199,64.2317518,5.402301295
Amy Callaghan,AmyCallaghanSNP,1,26,1,SNP,0,East Dunbartonshire,Scotland,Scotland,County,66075,80.25879682,0.280967736
Andrea Jenkyns,andreajenkyns,1,47,3,Conservative,1,Morley and Outwood,Yorkshire and The Humber,England,County,78803,65.8985064,21.69651454
Andrea Leadsom,andrealeadsom,1,58,4,Conservative,1,South Northamptonshire,East Midlands,England,County,90842,73.65315603,41.49130149
Andrew Bowie,AndrewBowie_MP,0,33,2,Conservative,1,West Aberdeenshire and Kincardine,Scotland,Scotland,County,72640,73.4375,1.580279314
Andrew Bridgen,ABridgen,0,57,4,Conservative,1,North West Leicestershire,East Midlands,England,County,78935,68.18394882,37.9034206
Andrew Griffith,griffitha,0,50,1,Conservative,1,Arundel and South Downs,South East,England,County,81726,75.13887869,36.67437467
Andrew Gwynne,GwynneMP,0,47,5,Labour,0,Denton and Reddish,North West,England,Borough,66234,58.2601081,16.00238416
Andrew Jones,AJonesMP,0,58,4,Conservative,1,Harrogate and Knaresborough,Yorkshire and The Humber,England,County,77941,73.05141068,16.99246536
Andrew Lewer,ALewerMBE,0,50,2,Conservative,1,Northampton South,East Midlands,England,Borough,62163,65.69020157,11.50238766
Andrew Mitchell,,0,65,9,Conservative,1,Sutton Coldfield,West Midlands,England,Borough,75638,69.17819086,36.83134257
Andrew Murrison,AWMurrison,0,60,6,Conservative,1,South West Wiltshire,South West,England,County,77969,70.40618707,39.40249567
Andrew Percy,,0,44,4,Conservative,1,Brigg and Goole,Yorkshire and The Humber,England,County,65939,65.82144103,50.55296991
Andrew Rosindell,AndrewRosindell,0,55,6,Conservative,1,Romford,London,England,Borough,72350,65.2812716,37.88401685
Andrew Selous,AndrewSelous,0,59,6,Conservative,1,South West Bedfordshire,East,England,County,79926,66.69544329,34.86033729
Andrew Stephenson,Andrew4Pendle,0,40,4,Conservative,1,Pendle,North West,England,Borough,65292,68.09410035,13.91363023
Andy Carter,MrAndy_Carter,0,121,1,Conservative,1,Warrington South,North West,England,Borough,86015,71.9630297,3.247225319
Andy McDonald,AndyMcDonaldMP,0,63,4,Labour,0,Middlesbrough,North East,England,Borough,60764,56.11381739,24.62093439
Andy Slaughter,hammersmithandy,0,61,5,Labour,0,Hammersmith,London,England,Borough,74759,69.51136318,34.34360928
Angela Crawley,,1,34,3,SNP,0,Lanark and Hamilton East,Scotland,Scotland,County,77659,68.3397932,9.773515225
Angela Eagle,angelaeagle,1,60,8,Labour,0,Wallasey,North West,England,Borough,66310,70.11310511,39.40893057
Angela Rayner,AngelaRayner,1,41,3,Labour,0,Ashton-under-Lyne,North West,England,Borough,67978,56.75218453,11.05005314
Angela Richardson,AJRichardsonMP,1,121,1,Conservative,1,Guildford,South East,England,County,77729,75.45575011,5.68958756
Angus MacNeil,AngusMacNeilSNP,0,51,5,SNP,0,Na h-Eileanan an Iar,Scotland,Scotland,County,21106,68.59186961,16.84050563
Anna McMorrin,AnnaMcMorrin,1,50,2,Labour,0,Cardiff North,Wales,Wales,Borough,68438,76.95432362,13.25712984
Anne Marie Morris,AnneMarieMorris,1,64,4,Conservative,1,Newton Abbot,South West,England,County,72529,72.46204966,33.2997184
Anne McLaughlin,AnneMcLaughlin,1,55,3,SNP,0,Glasgow North East,Scotland,Scotland,Borough,61075,55.54645927,7.510685335
Anneliese Dodds,AnnelieseDodds,1,43,2,Labour,0,Oxford East,South East,England,Borough,78303,63.03589901,36.12715006
Anne-Marie Trevelyan,annietrev,1,52,3,Conservative,1,Berwick-upon-Tweed,North East,England,County,59939,70.25309064,35.22999834
Anthony Browne,ab4scambs,0,54,1,Conservative,1,South Cambridgeshire,East,England,County,87288,76.67606086,4.338926325
Anthony Mangnall,AnthonyMangnal1,0,32,1,Conservative,1,Totnes,South West,England,County,69863,74.691897,24.38388716
Antony Higginbotham,antony_hig,0,32,1,Conservative,1,Burnley,North West,England,Borough,64345,60.58590411,3.468089473
Apsana Begum,ApsanaBegumMP,1,121,1,Labour,0,Poplar and Limehouse,London,England,Borough,91836,66.72328934,47.17018082
Bambos Charalambous,Bambos_MP,0,54,2,Labour,0,"Enfield, Southgate",London,England,Borough,65525,72.14956124,9.412809882
Barbara Keeley,KeeleyMP,1,69,5,Labour,0,Worsley and Eccles South,North West,England,County,75219,59.43578085,7.200214731
Barry Gardiner,BarryGardiner,0,64,7,Labour,0,Brent North,London,England,Borough,83788,61.91698095,15.57277511
Barry Sheerman,BarrySheerman,0,81,11,Labour,0,Huddersfield,Yorkshire and The Humber,England,Borough,65525,63.91758871,11.78788023
Bell Ribeiro-Addy,BellRibeiroAddy,1,121,1,Labour,0,Streatham,London,England,Borough,84783,66.65605133,31.30253216
Ben Bradley,BBradley_Mans,0,32,2,Conservative,1,Mansfield,East Midlands,England,County,77131,63.88222634,33.09317476
Ben Bradshaw,BenPBradshaw,0,61,7,Labour,0,Exeter,South West,England,Borough,82054,68.48173154,18.5133115
Ben Everitt,Ben_Everitt,0,121,1,Conservative,1,Milton Keynes North,South East,England,County,91545,68.31940576,10.00111923
Ben Lake,BenMLake,0,28,2,PC,0,Ceredigion,Wales,Wales,County,56386,71.12581137,15.78107468
Ben Spencer,DrBenSpencer,0,32,1,Conservative,1,Runnymede and Weybridge,South East,England,County,77196,69.0307788,34.2847492
Ben Wallace,BWallaceMP,0,51,5,Conservative,1,Wyre and Preston North,North West,England,County,74775,70.77766633,31.70773184
Bernard Jenkin,bernardjenkin,0,62,8,Conservative,1,Harwich and North Essex,East,England,County,74153,70.07538468,38.83917403
Beth Winter,BethWinterMP,1,121,1,Labour,0,Cynon Valley,Wales,Wales,County,51134,59.13091094,29.17713983
Bill Esterson,Bill_Esterson,0,55,4,Labour,0,Sefton Central,North West,England,County,69760,72.93577982,29.72091195
Bill Wiggin,,0,55,6,Conservative,1,North Herefordshire,West Midlands,England,County,70252,72.64277174,48.70573942
Bim Afolami,BimAfolami,0,35,2,Conservative,1,Hitchin and Harpenden,East,England,County,76323,77.13402251,11.71204838
Bob Blackman,BobBlackman,0,65,4,Conservative,1,Harrow East,London,England,Borough,72106,68.63645189,16.50805197
Bob Seely,IoWBobSeely,0,55,2,Conservative,1,Isle of Wight,South East,England,County,113021,65.86563559,31.88656941
Bob Stewart,,0,72,4,Conservative,1,Beckenham,London,England,Borough,68662,73.62879031,28.20294729
Boris Johnson,BorisJohnson,0,57,6,Conservative,1,Uxbridge and South Ruislip,London,England,Borough,70365,68.48148938,14.96254176
Brandon Lewis,BrandonLewis,0,50,4,Conservative,1,Great Yarmouth,East,England,County,71957,60.39996109,40.6400994
Brendan Clarke-Smith,Bren4Bassetlaw,0,41,1,Conservative,1,Bassetlaw,East Midlands,England,County,80024,63.53219034,27.56240042
Brendan O'Hara,BrendanOHaraMP,0,58,3,SNP,0,Argyll and Bute,Scotland,Scotland,County,66525,72.22848553,8.55359001
Bridget Phillipson,bphillipsonMP,1,38,4,Labour,0,Houghton and Sunderland South,North East,England,Borough,68835,57.8354035,7.824470624
Carla Lockhart,carlalockhart,1,36,1,DUP,0,Upper Bann,Northern Ireland,Northern Ireland,County,82887,60.37738125,16.40523529
Carol Monaghan,CMonaghanSNP,1,49,3,SNP,0,Glasgow North West,Scotland,Scotland,Borough,63402,62.67152456,21.03686926
Caroline Ansell,Caroline_Ansell,1,50,3,Conservative,1,Eastbourne,South East,England,Borough,79307,69.51971453,7.855406827
Caroline Dinenage,cj_dinenage,1,50,4,Conservative,1,Gosport,South East,England,Borough,73541,65.88569641,48.04243287
Caroline Johnson,drcarolinej,1,43,3,Conservative,1,Sleaford and North Hykeham,East Midlands,England,County,94761,70.23353489,48.93019202
Caroline Lucas,CarolineLucas,1,61,4,Green,0,"Brighton, Pavilion",South East,England,Borough,79057,73.36225761,34.38049588
Caroline Nokes,carolinenokes,1,49,4,Conservative,1,Romsey and Southampton North,South East,England,County,68228,75.32098259,21.1558669
Carolyn Harris,carolynharris24,1,61,3,Labour,0,Swansea East,Wales,Wales,Borough,58450,57.4491018,23.73507252
Cat Smith,CatSmithMP,1,36,3,Labour,0,Lancaster and Fleetwood,North West,England,County,70059,64.54416991,5.263274287
Catherine McKinnell,CatMcKinnell,1,45,4,Labour,0,Newcastle upon Tyne North,North East,England,Borough,68486,68.62570452,12.26621843
Catherine West,CatherineWest1,1,55,3,Labour,0,Hornsey and Wood Green,London,England,Borough,81814,74.68770626,31.4900581
Charles Walker,CharlesWalkerMP,0,54,5,Conservative,1,Broxbourne,East,England,Borough,73182,63.82170479,42.40782769
Charlotte Nichols,charlotte2153,1,121,1,Labour,0,Warrington North,North West,England,Borough,72235,64.60441614,3.233548332
Cherilyn Mackrory,thisischerilyn,1,45,1,Conservative,1,Truro and Falmouth,South West,England,County,76719,77.15168342,7.705693529
Cheryl Gillan,CherylGillan,1,69,8,Conservative,1,Chesham and Amersham,South East,England,County,72542,76.76242728,29.1335189
Chi Onwurah,ChiOnwurah,1,56,4,Labour,0,Newcastle upon Tyne Central,North East,England,Borough,57845,64.78347307,32.76404974
Chloe Smith,NorwichChloe,1,39,5,Conservative,1,Norwich North,East,England,Borough,67172,68.90519859,10.23657772
Chris Bryant,RhonddaBryant,0,59,6,Labour,0,Rhondda,Wales,Wales,County,50262,58.97497115,38.59388705
Chris Clarkson,ChrisClarksonMP,0,39,1,Conservative,1,Heywood and Middleton,North West,England,County,80162,59.24003892,1.396142183
Chris Elmore,CPJElmore,0,38,3,Labour,0,Ogmore,Wales,Wales,County,57581,61.4612459,22.05425261
Chris Evans,Chris_EvansMP,0,45,4,Labour,0,Islwyn,Wales,Wales,County,55423,61.97787922,15.90684134
Chris Grayling,,0,59,6,Conservative,1,Epsom and Ewell,South East,England,Borough,81138,73.27146343,30.06341357
Chris Green,CGreenUK,0,48,3,Conservative,1,Bolton West,North West,England,County,73191,67.35527592,17.96218914
Chris Heaton-Harris,chhcalling,0,54,4,Conservative,1,Daventry,East Midlands,England,County,77423,74.14205081,45.43316551
Chris Law,ChrisLawSNP,0,52,3,SNP,0,Dundee West,Scotland,Scotland,Borough,64431,64.53260077,29.48363357
Chris Loder,chrisloder,0,40,1,Conservative,1,West Dorset,South West,England,County,81897,74.39222438,23.15305704
Chris Philp,CPhilpOfficial,0,45,3,Conservative,1,Croydon South,London,England,Borough,83982,70.67943131,20.78742545
Chris Skidmore,CSkidmoreUK,0,40,4,Conservative,1,Kingswood,South West,England,Borough,68972,71.49857913,22.75215963
Chris Stephens,ChrisStephens,0,48,3,SNP,0,Glasgow South West,Scotland,Scotland,Borough,64575,57.06078204,13.29823323
Christian Matheson,ChrisM4Chester,0,53,3,Labour,0,City of Chester,North West,England,County,76057,71.73567193,11.29765396
Christian Wakeford,Christian4BuryS,0,121,1,Conservative,1,Bury South,North West,England,Borough,75152,66.89642325,0.799618093
Christina Rees,Rees4Neath,1,67,3,Labour,0,Neath,Wales,Wales,County,56419,65.14826566,15.33627163
Christine Jardine,cajardineMP,1,61,2,LibDem,0,Edinburgh West,Scotland,Scotland,Borough,72507,75.21066931,6.911411439
Christopher Chope,,0,74,10,Conservative,1,Christchurch,South West,England,County,71520,72.63842282,47.3850359
Christopher Hazzard,ChrisHazzardSF,0,37,2,SF,0,South Down,Northern Ireland,Northern Ireland,County,79175,62.8506473,3.255496162
Christopher Pincher,ChrisPincher,0,52,4,Conservative,1,Tamworth,West Midlands,England,County,71572,64.34918683,42.63071044
Claire Coutinho,ClaireCoutinho,1,121,1,Conservative,1,East Surrey,South East,England,County,83148,71.78765575,40.27475289
Claire Hanna,ClaireHanna,1,41,1,SDLP,0,Belfast South,Northern Ireland,Northern Ireland,Borough,69984,67.6611797,32.52449738
Claudia Webbe,ClaudiaWebbe,1,56,1,Independent,0,Leicester East,East Midlands,England,Borough,78433,63.01046753,12.1790332
Clive Betts,,0,71,8,Labour,0,Sheffield South East,Yorkshire and The Humber,England,Borough,67832,61.91473051,10.21239107
Clive Efford,CliveEfford,0,63,7,Labour,0,Eltham,London,England,Borough,64086,68.17245576,7.31763144
Clive Lewis,labourlewis,0,50,3,Labour,0,Norwich South,East,England,Borough,77845,66.37934357,24.69374722
Colleen Fletcher,,1,67,3,Labour,0,Coventry North East,West Midlands,England,Borough,76006,58.47433097,17.30717307
Colum Eastwood,columeastwood,0,38,1,SDLP,0,Foyle,Northern Ireland,Northern Ireland,County,74346,63.41161596,36.29305956
Conor Burns,ConorBurnsUK,0,49,4,Conservative,1,Bournemouth West,South West,England,Borough,74205,61.9594367,22.07625552
Conor McGinn,ConorMcGinn,0,37,3,Labour,0,St Helens North,North West,England,Borough,75593,62.91720133,25.67019196
Craig Mackinlay,cmackinlay,0,55,3,Conservative,1,South Thanet,South East,England,County,73223,65.9041558,21.93878608
Craig Tracey,craig4nwarks,0,47,3,Conservative,1,North Warwickshire,West Midlands,England,County,70271,65.33847533,39.10789737
Craig Whittaker,CWhittaker_MP,0,59,4,Conservative,1,Calder Valley,Yorkshire and The Humber,England,County,79287,72.89089006,9.990829339
Craig Williams,craig4monty,0,47,3,Conservative,1,Montgomeryshire,Wales,Wales,County,48997,69.82876503,35.47670544
Crispin Blunt,CrispinBlunt,0,61,7,Conservative,1,Reigate,South East,England,Borough,74242,71.59828668,34.44578223
Daisy Cooper,libdemdaisy,1,40,1,LibDem,0,St Albans,East,England,County,73727,78.1247033,10.9255369
Damian Collins,DamianCollins,0,47,4,Conservative,1,Folkestone and Hythe,South East,England,County,88272,66.84452601,36.16134226
Damian Green,DamianGreen,0,65,7,Conservative,1,Ashford,South East,England,County,89553,67.06531328,40.00899116
Damian Hinds,DamianHinds,0,52,4,Conservative,1,East Hampshire,South East,England,County,76478,74.39394336,34.61815625
Damien Moore,,0,41,2,Conservative,1,Southport,North West,England,Borough,70837,68.01530274,8.607305936
Dan Carden,DanCardenMP,0,31,2,Labour,0,"Liverpool, Walton",North West,England,Borough,62628,65.12422559,74.82959839
Dan Jarvis,DanJarvisMP,0,49,4,Labour,0,Barnsley Central,Yorkshire and The Humber,England,Borough,65277,56.5329289,9.67672005
Dan Poulter,,0,43,4,Conservative,1,Central Suffolk and North Ipswich,East,England,County,80037,70.2799955,41.584
Daniel Kawczynski,DKShrewsbury,0,49,5,Conservative,1,Shrewsbury and Atcham,West Midlands,England,County,82238,71.82202875,18.99094218
Daniel Zeichner,DanielZeichner,0,65,3,Labour,0,Cambridge,East,England,Borough,79951,67.20241148,17.94003238
Danny Kruger,danny__kruger,0,47,1,Conservative,1,Devizes,South West,England,County,73372,69.44611023,47.08756918
Darren George Henry,DarrenG_Henry,0,121,1,Conservative,1,Broxtowe,East Midlands,England,County,73052,75.66117286,9.645028224
Darren Jones,darrenpjones,0,35,2,Labour,0,Bristol North West,South West,England,Borough,76273,73.26970225,10.18520175
Dave Doogan,DaveDooganSNP,0,48,1,SNP,0,Angus,Scotland,Scotland,County,63952,67.50375281,8.790826963
David Amess,amessd_southend,0,69,10,Conservative,1,Southend West,East,England,Borough,69043,67.40292282,31.06990137
David Davis,DavidDavisMP,0,73,9,Conservative,1,Haltemprice and Howden,Yorkshire and The Humber,England,County,71083,70.02940225,40.8385062
David Duguid,david_duguid,0,51,2,Conservative,1,Banff and Buchan,Scotland,Scotland,County,66655,63.40109519,9.744439186
David Evennett,DavidEvennett,0,72,10,Conservative,1,Bexleyheath and Crayford,London,England,Borough,65466,66.0587175,30.29875595
David Johnston,david4wantage,0,40,1,Conservative,1,Wantage,South East,England,County,90867,73.92452706,18.83643726
David Jones,DavidJonesMP,0,69,5,Conservative,1,Clwyd West,Wales,Wales,County,57714,69.65900821,16.78232968
David Lammy,DavidLammy,0,49,7,Labour,0,Tottenham,London,England,Borough,75740,61.86427251,64.39943657
David Linden,DavidLinden,0,31,2,SNP,0,Glasgow East,Scotland,Scotland,Borough,67381,57.11253914,14.46352935
David Morris,davidmorrisml,0,55,4,Conservative,1,Morecambe and Lunesdale,North West,England,County,67397,67.22851165,14.02339439
David Mundell,DavidMundellDCT,0,59,5,Conservative,1,"Dumfriesshire, Clydesdale & Tweeddale",Scotland,Scotland,County,68330,71.93472852,7.692307692
David Rutley,DavidRutley,0,60,4,Conservative,1,Macclesfield,North West,England,County,76216,70.67676079,19.88415913
David Simmonds,DSimmonds_RNP,0,121,1,Conservative,1,"Ruislip, Northwood and Pinner",London,England,Borough,72816,72.65436168,30.98820505
David T. C. Davies,DavidTCDavies,0,51,5,Conservative,1,Monmouth,Wales,Wales,County,67098,74.84127694,19.87773065
David Warburton,DJWarburton,0,56,3,Conservative,1,Somerton and Frome,South West,England,County,85866,75.57822654,29.60583087
Dawn Butler,DawnButlerBrent,1,52,5,Labour,0,Brent Central,London,England,Borough,84032,58.46820259,42.4774078
Dean Russell,dean4watford,0,121,1,Conservative,1,Watford,East,England,Borough,83359,69.65654578,7.63454749
Debbie Abrahams,Debbie_abrahams,1,61,4,Labour,0,Oldham East and Saddleworth,North West,England,County,72120,64.00998336,3.247118967
Dehenna Davison,DehennaDavison,1,28,1,Conservative,1,Bishop Auckland,North East,England,County,68170,65.7253924,17.77033813
Deidre Brock,DeidreBrock,1,60,3,SNP,0,Edinburgh North and Leith,Scotland,Scotland,Borough,81336,72.96154224,21.58263683
Derek Thomas,DerekThomasUK,0,49,3,Conservative,1,St Ives,South West,England,County,68795,74.7336289,8.324742769
Derek Twigg,DerekTwiggMP,0,62,7,Labour,0,Halton,North West,England,County,71930,64.23328236,41.06876177
Desmond Swayne,DesmondSwayne,0,65,7,Conservative,1,New Forest West,South East,England,County,70869,70.98449251,48.50912416
Diana Johnson,DianaJohnsonMP,1,55,5,Labour,0,Kingston upon Hull North,Yorkshire and The Humber,England,Borough,65515,52.20636495,22.19980703
Diane Abbott,HackneyAbbott,1,68,9,Labour,0,Hackney North and Stoke Newington,London,England,Borough,92462,61.4998594,58.36381542
Dominic Raab,DominicRaab,0,47,4,Conservative,1,Esher and Walton,South East,England,Borough,81184,77.7049665,4.348170693
Douglas Chapman,DougChapmanSNP,0,66,3,SNP,0,Dunfermline and West Fife,Scotland,Scotland,County,76652,69.77247821,20.00486145
Douglas Ross,Douglas4Moray,0,38,2,Conservative,1,Moray,Scotland,Scotland,County,71035,68.73372281,1.050691244
Drew Hendry,drewhendrySNP,0,57,3,SNP,0,"Inverness, Nairn, Badenoch and Strathspey",Scotland,Scotland,County,78059,70.21611858,19.04761905
Duncan Charles Baker,duncancbaker,0,42,1,Conservative,1,North Norfolk,East,England,County,70729,71.85595725,28.32379041
Eddie Hughes,EddieHughes4WN,0,53,2,Conservative,1,Walsall North,West Midlands,England,Borough,67177,54.41743454,32.7306051
Edward Argar,,0,44,3,Conservative,1,Charnwood,East Midlands,England,County,79534,69.61173838,40.45335501
Edward Davey,EdwardJDavey,0,56,7,LibDem,0,Kingston and Surbiton,London,England,Borough,81975,74.22506862,17.23860237
Edward Leigh,EdwardLeighMP,0,71,10,Conservative,1,Gainsborough,East Midlands,England,County,76343,66.86402159,44.99275164
Edward Miliband,Ed_Miliband,0,52,5,Labour,0,Doncaster North,Yorkshire and The Humber,England,County,72362,56.24222658,5.823381984
Edward Timpson,edwardtimpson,0,48,5,Conservative,1,Eddisbury,North West,England,County,73700,71.87381275,34.81716411
Eleanor Laing,eleanor4epping,1,63,7,Conservative,1,Epping Forest,East,England,County,74304,67.65180879,44.10957269
Elizabeth Truss,trussliz,1,46,4,Conservative,1,South West Norfolk,East,England,County,78455,65.59938818,50.89768002
Ellie Reeves,elliereeves,1,121,2,Labour,0,Lewisham West and Penge,London,England,Borough,74617,69.82323063,41.34932821
Elliot Colburn,ElliotColburn,0,29,1,Conservative,1,Carshalton and Wallington,London,England,Borough,72941,67.31193705,1.281111247
Emily Thornberry,EmilyThornberry,1,61,5,Labour,0,Islington South and Finsbury,London,England,Borough,70489,67.83469761,36.23891584
Emma Hardy,EmmaHardyMP,1,41,2,Labour,0,Kingston upon Hull West and Hessle,Yorkshire and The Humber,England,Borough,60192,52.09330144,9.108304631
Emma Lewell-Buck,EmmaLewellBuck,1,43,4,Labour,0,South Shields,North East,England,Borough,62793,60.32838055,25.30225437
Esther McVey,EstherMcVey1,1,54,4,Conservative,1,Tatton,North West,England,County,69018,70.94815845,35.50758674
Fabian Hamilton,FabianLeedsNE,0,66,7,Labour,0,Leeds North East,Yorkshire and The Humber,England,Borough,70580,71.55001417,33.83960396
Fay Alicia Jones,JonesyFay,1,121,1,Conservative,1,Brecon and Radnorshire,Wales,Wales,County,55490,74.46206524,17.25840412
Felicity Buchan,FelicityBuchan,1,121,1,Conservative,1,Kensington,London,England,Borough,64609,67.73359749,0.342763128
Feryal Clark,FeryalClark,1,121,1,Labour,0,Enfield North,London,England,Borough,68301,65.95803868,14.41065483
Fiona Bruce,,1,64,4,Conservative,1,Congleton,North West,England,County,80930,70.71914,32.43059074
Fleur Anderson,PutneyFleur,1,50,1,Labour,0,Putney,London,England,Borough,65556,76.9830374,9.459646898
Flick Drummond,,1,59,3,Conservative,1,Meon Valley,South East,England,County,75737,72.39394219,42.96084189
Florence Eshalomi,FloEshalomi,1,41,1,Labour,0,Vauxhall,London,England,Borough,88659,63.53895262,34.81440719
Francie Molloy,FrancieMolloy,0,71,4,SF,0,Mid Ulster,Northern Ireland,Northern Ireland,County,70449,63.33659811,21.3738234
Gagan Mohindra,gaganmohindra,0,121,1,Conservative,1,South West Hertfordshire,East,England,County,80499,76.01460888,23.5459463
Gareth Bacon,GarethBaconMP,0,49,1,Conservative,1,Orpington,London,England,Borough,68877,70.73623996,45.93091275
Gareth Davies,GarethDavies_MP,0,37,1,Conservative,1,Grantham and Stamford,East Midlands,England,County,81502,68.7136512,46.43144117
Gareth Johnson,,0,52,4,Conservative,1,Dartford,South East,England,County,82209,65.71421621,35.46637543
Gareth Thomas,GarethThomasMP,0,54,7,Labour,0,Harrow West,London,England,Borough,72464,66.13214838,18.13780727
Gary Sambrook,GarySambrook89,0,32,1,Conservative,1,"Birmingham, Northfield",West Midlands,England,Borough,73694,58.48237306,3.805280988
Gary Streeter,garystreeterSWD,0,66,8,Conservative,1,South West Devon,South West,England,County,72535,73.57413662,40.15590159
Gavin Newlands,GavNewlandsSNP,0,41,3,SNP,0,Paisley and Renfrewshire North,Scotland,Scotland,County,72007,68.99606983,23.95636247
Gavin Robinson,GRobinsonDUP,0,37,3,DUP,0,Belfast East,Northern Ireland,Northern Ireland,Borough,66245,64.07276021,4.285546001
Gavin Williamson,GavinWilliamson,0,45,4,Conservative,1,South Staffordshire,West Midlands,England,County,73668,67.87886192,56.49435056
Geoffrey Clifton-Brown,,0,68,8,Conservative,1,The Cotswolds,South West,England,County,81939,74.66041812,33.04236956
Geoffrey Cox,Geoffrey_Cox,0,61,5,Conservative,1,Torridge and West Devon,South West,England,County,80403,74.28827283,41.84162063
George Eustice,,0,50,4,Conservative,1,Camborne and Redruth,South West,England,County,70250,71.69679715,17.2732146
George Freeman,GeorgeFreemanMP,0,54,4,Conservative,1,Mid Norfolk,East,England,County,82203,68.35030352,40.21286441
George Howarth,,0,72,10,Labour,0,Knowsley,North West,England,Borough,84082,65.33859804,72.70377516
Geraint Davies,GeraintDaviesMP,0,61,7,Labour,0,Swansea West,Wales,Wales,Borough,57078,62.7737482,22.65140943
Gerald Jones,GeraldJonesLAB,0,51,3,Labour,0,Merthyr Tydfil and Rhymney,Wales,Wales,County,56322,57.25293846,32.8909012
Giles Watling,GilesWatling,0,68,2,Conservative,1,Clacton,East,England,County,70930,61.33652897,56.7783754
Gill Furniss,GillFurnissMP,1,64,3,Labour,0,"Sheffield, Brightside and Hillsborough",Yorkshire and The Humber,England,Borough,69333,57.11565921,30.99494949
Gillian Keegan,GillianKeegan,1,61,2,Conservative,1,Chichester,South East,England,County,85499,71.63007754,35.08972454
Gordon Henderson,,0,73,4,Conservative,1,Sittingbourne and Sheppey,South East,England,County,83917,61.24384809,47.63007355
Graham Brady,SirGrahamBrady,0,54,7,Conservative,1,Altrincham and Sale West,North West,England,Borough,73107,74.90801154,11.21012362
Graham Stringer,,0,71,7,Labour,0,Blackley and Broughton,North West,England,Borough,73372,52.63315706,37.29349008
Graham Stuart,grahamstuart,0,59,5,Conservative,1,Beverley and Holderness,Yorkshire and The Humber,England,County,79696,67.18279462,38.19057936
Grahame Morris,grahamemorris,0,60,4,Labour,0,Easington,North East,England,County,61182,56.52479487,19.02958101
Grant Shapps,grantshapps,0,53,5,Conservative,1,Welwyn Hatfield,East,England,County,74892,69.50408588,21.04585711
Greg Clark,GregClarkMP,0,54,5,Conservative,1,Tunbridge Wells,South East,England,County,74823,73.0390388,26.79780421
Greg Hands,GregHands,0,56,5,Conservative,1,Chelsea and Fulham,London,England,Borough,67110,69.76754582,24.00845774
Greg Knight,GregKnight,0,72,10,Conservative,1,East Yorkshire,Yorkshire and The Humber,England,County,80923,65.20890229,43.18255036
Greg Smith,gregsmith_uk,0,42,1,Conservative,1,Buckingham,South East,England,County,83146,76.32116999,32.1645813
Gregory Campbell,,0,68,6,DUP,0,East Londonderry,Northern Ireland,Northern Ireland,County,69246,56.757069,24.44404865
Guy Opperman,GuyOpperman,0,56,4,Conservative,1,Hexham,North East,England,County,61324,75.25601722,22.85807151
Hannah Bardell,HannahB4LiviMP,1,38,3,SNP,0,Livingston,Scotland,Scotland,County,82285,66.34502036,24.60983294
Harriet Harman,HarrietHarman,1,71,11,Labour,0,Camberwell and Peckham,London,England,Borough,88971,63.49484664,59.79607732
Harriett Baldwin,hbaldwin,1,61,4,Conservative,1,West Worcestershire,West Midlands,England,County,76241,75.45808686,42.5847384
Heather Wheeler,HeatherWheeler,1,62,4,Conservative,1,South Derbyshire,East Midlands,England,County,79331,67.28895388,36.2207527
Helen Grant,HelenGrantMP,1,60,4,Conservative,1,Maidstone and The Weald,South East,England,County,76109,67.90261336,42.12848297
Helen Hayes,helenhayes_,1,47,3,Labour,0,Dulwich and West Norwood,London,England,Borough,80331,69.43521181,48.96195633
Helen Whately,Helen_Whately,1,45,3,Conservative,1,Faversham and Mid Kent,South East,England,County,73403,68.65386973,43.60836608
Henry Smith,HenrySmithUK,0,52,4,Conservative,1,Crawley,South East,England,Borough,74207,67.24298247,16.75384276
Hilary Benn,hilarybennmp,0,68,7,Labour,0,Leeds Central,Yorkshire and The Humber,England,Borough,90971,54.17550648,39.09991072
Holly Lynch,HollyLynch5,1,35,3,Labour,0,Halifax,Yorkshire and The Humber,England,Borough,71887,64.62642759,5.529725774
Holly Mumby-Croft,,1,121,1,Conservative,1,Scunthorpe,Yorkshire and The Humber,England,County,61955,60.93132112,17.08874172
Huw Merriman,HuwMerriman,0,48,3,Conservative,1,Bexhill and Battle,South East,England,County,81963,72.09716579,44.09828575
Hywel Williams,HywelPlaidCymru,0,68,6,PC,0,Arfon,Wales,Wales,County,42215,68.87125429,9.5652473
Iain Duncan Smith,MPIainDS,0,67,8,Conservative,1,Chingford and Woodford Green,London,England,County,65393,74.08132369,2.605069771
Iain Stewart,iainastewart,0,49,4,Conservative,1,Milton Keynes South,South East,England,Borough,96363,66.42279713,10.84881341
Ian Blackford,Ianblackford_MP,0,60,3,SNP,0,"Ross, Skye and Lochaber",Scotland,Scotland,County,54230,73.51834778,23.6850686
Ian Byrne,IanByrneMP,0,121,1,Labour,0,"Liverpool, West Derby",North West,England,Borough,65640,67.01553931,68.16249517
Ian Lavery,IanLaveryMP,0,58,4,Labour,0,Wansbeck,North East,England,County,63339,63.95585658,2.009430003
Ian Levy,,0,121,1,Conservative,1,Blyth Valley,North East,England,Borough,64429,63.41709479,1.742578135
Ian Liddell-Grainger,,0,62,6,Conservative,1,Bridgwater and West Somerset,South West,England,County,85327,67.56595216,42.3905502
Ian Mearns,IanMearnsMP,0,64,4,Labour,0,Gateshead,North East,England,Borough,64449,59.18633338,18.87534408
Ian Murray,IanMurrayMP,0,45,4,Labour,0,Edinburgh South,Scotland,Scotland,Borough,66188,75.13748716,22.30957935
Ian Paisley,,0,55,4,DUP,0,North Antrim,Northern Ireland,Northern Ireland,County,77134,57.10970519,28.87789153
Imran Hussain,Imran_HussainMP,0,43,3,Labour,0,Bradford East,Yorkshire and The Humber,England,Borough,73206,60.35570855,41.06463878
Imran Nasir Ahmad Khan,imranahmadkhan,0,48,1,Conservative,1,Wakefield,Yorkshire and The Humber,England,County,70192,64.14833599,7.457747574
Jack Brereton,,0,30,2,Conservative,1,Stoke-On-Trent South,West Midlands,England,Borough,64491,61.41011924,28.45924654
Jack Dromey,JackDromeyMP,0,73,4,Labour,0,"Birmingham, Erdington",West Midlands,England,Borough,66148,53.25784604,10.22169236
Jack Lopresti,JackLopresti,0,52,4,Conservative,1,Filton and Bradley Stoke,South West,England,County,74016,72.62213575,10.50379521
Jackie Doyle-Price,JackieDP,1,52,4,Conservative,1,Thurrock,East,England,Borough,79659,59.58774275,24.18943687
Jacob Rees-Mogg,Jacob_Rees_Mogg,0,52,4,Conservative,1,North East Somerset,South West,England,County,73692,76.40992238,26.15791717
Jacob Young,JacobYoungMP,0,28,1,Conservative,1,Redcar,North East,England,Borough,65864,62.00959553,8.635718133
Jake Berry,JakeBerry,0,43,4,Conservative,1,Rossendale and Darwen,North West,England,Borough,72770,67.09083413,19.50350252
James Brokenshire,JBrokenshire,0,53,5,Conservative,1,Old Bexley and Sidcup,London,England,Borough,66104,69.80666828,41.07053852
James Cartlidge,jc4southsuffolk,0,47,3,Conservative,1,South Suffolk,East,England,County,76201,70.19461687,42.80693227
James Cleverly,JamesCleverly,0,52,3,Conservative,1,Braintree,East,England,County,75208,67.14578236,48.85839324
James Daly,JamesDalyMP,0,121,1,Conservative,1,Bury North,North West,England,Borough,68802,68.08086974,0.224162593
James Davies,JamesDavies,0,41,3,Conservative,1,Vale of Clwyd,Wales,Wales,County,56649,65.69047997,4.909574611
James Duddridge,JamesDuddridge,0,50,5,Conservative,1,Rochford and Southend East,East,England,County,75624,61.0070877,26.62996359
James Gray,JGray,0,67,7,Conservative,1,North Wiltshire,South West,England,County,73280,74.72434498,32.1889039
James Grundy,,0,121,1,Conservative,1,Leigh,North West,England,County,77417,60.68305411,4.182719939
James Heappey,JSHeappey,0,40,3,Conservative,1,Wells,South West,England,County,81898,75.24970085,16.21178685
James Morris,JamesMorris,0,54,4,Conservative,1,Halesowen and Rowley Regis,West Midlands,England,Borough,68300,61.99853587,28.51340182
James Murray,jamesmurray_ldn,0,38,1,Labour,0,Ealing North,London,England,Borough,74473,66.64294442,24.72043682
James Sunderland,JamesSunderl,0,51,1,Conservative,1,Bracknell,South East,England,County,78978,68.81663248,36.48390064
James Wild,jamesowild,0,44,1,Conservative,1,North West Norfolk,East,England,County,72080,64.65316315,42.74923823
Jamie Hamilton Wallis,JamieWallisMP,0,37,1,Conservative,1,Bridgend,Wales,Wales,County,63303,66.7203766,2.739369258
Jamie Stone,Jamie4North,0,67,2,LibDem,0,"Caithness, Sutherland and Easter Ross",Scotland,Scotland,County,46930,67.02961858,0.648504307
Jane Hunt,JaneMHunt,1,55,1,Conservative,1,Loughborough,East Midlands,England,County,79764,68.49079785,13.12258608
Jane Stevenson,Jane_Stevenson_,1,50,1,Conservative,1,Wolverhampton North East,West Midlands,England,Borough,61660,55.59682128,11.90163648
Janet Daby,JanetDaby,1,51,2,Labour,0,Lewisham East,London,England,Borough,67857,66.04329693,37.95157871
Jason McCartney,JasonMcCartney,0,53,4,Conservative,1,Colne Valley,Yorkshire and The Humber,England,County,84174,72.34062775,8.38041122
Jeff Smith,JeffSmithetc,0,58,3,Labour,0,"Manchester, Withington",North West,England,Borough,76530,69.24735398,52.65591093
Jeffrey M. Donaldson,J_Donaldson_MP,0,59,7,DUP,0,Lagan Valley,Northern Ireland,Northern Ireland,County,75735,59.95246583,14.31340161
Jeremy Corbyn,jeremycorbyn,0,72,10,Independent,0,Islington North,London,England,Borough,75162,71.58537559,48.6720565
Jeremy Hunt,Jeremy_Hunt,0,55,5,Conservative,1,South West Surrey,South East,England,County,79096,76.28704359,14.61219755
Jeremy Quin,,0,53,3,Conservative,1,Horsham,South East,England,County,86730,72.91825205,33.40659688
Jeremy Wright,,0,49,5,Conservative,1,Kenilworth and Southam,West Midlands,England,County,68154,77.17375356,38.69612335
Jerome Mayhew,JeromeMayhew,0,51,1,Conservative,1,Broadland,East,England,County,78151,72.90629678,38.36811345
Jess Phillips,jessphillips,1,40,3,Labour,0,"Birmingham, Yardley",West Midlands,England,Borough,74704,57.12947098,24.97539716
Jesse Norman,Jesse_Norman,0,59,4,Conservative,1,Hereford and South Herefordshire,West Midlands,England,County,72085,68.87147118,39.65274141
Jessica Morden,jessicamordenmp,1,53,5,Labour,0,Newport East,Wales,Wales,County,58554,61.96331591,5.490325781
Jim McMahon,JimfromOldham,0,41,3,Labour,0,Oldham West and Royton,North West,England,Borough,72999,60.86932698,25.04163478
Jim Shannon,JimShannonMP,0,66,4,DUP,0,Strangford,Northern Ireland,Northern Ireland,County,66928,56.00794884,18.86354542
Jo Churchill,Jochurchill4,1,57,3,Conservative,1,Bury St Edmunds,East,England,County,89644,69.11449735,40.33119744
Jo Gideon,jogideon,1,69,1,Conservative,1,Stoke-on-Trent Central,West Midlands,England,Borough,55419,57.86824013,2.089179919
Jo Stevens,JoStevensLabour,1,55,3,Labour,0,Cardiff Central,Wales,Wales,Borough,64037,65.30911817,41.07646693
Joanna Cherry,joannaccherry,1,55,3,SNP,0,Edinburgh South West,Scotland,Scotland,Borough,73501,70.92556564,22.98440467
John Baron,,0,62,6,Conservative,1,Basildon and Billericay,East,England,Borough,69906,63.12476754,46.25634518
John Cryer,JohnCryerMP,0,57,7,Labour,0,Leyton and Wanstead,London,England,County,64852,68.69024857,46.71021618
John Finucane,johnfinucane,0,121,1,SF,0,Belfast North,Northern Ireland,Northern Ireland,Borough,72225,67.89477328,3.962314171
John Glen,JohnGlenUK,0,47,4,Conservative,1,Salisbury,South West,England,County,74556,72.06663448,36.73180718
John Hayes,,0,63,7,Conservative,1,South Holland and The Deepings,East Midlands,England,County,75975,64.73050346,62.70562639
John Healey,JohnHealey_MP,0,61,7,Labour,0,Wentworth and Dearne,Yorkshire and The Humber,England,County,74536,55.75426639,5.209711962
John Howell,JHowellUK,0,66,5,Conservative,1,Henley,South East,England,County,76646,76.66283955,23.91633622
John Lamont,John2Win,0,45,2,Conservative,1,"Berwickshire, Roxburgh and Selkirk",Scotland,Scotland,County,74518,71.31968115,9.686523915
John McDonnell,johnmcdonnellMP,0,70,7,Labour,0,Hayes and Harlington,London,England,Borough,72357,60.80130464,21.05059781
John Nicolson,MrJohnNicolson,0,60,3,SNP,0,Ochil and South Perthshire,Scotland,Scotland,County,78776,73.38910328,7.780257036
John Penrose,JohnPenroseNews,0,57,5,Conservative,1,Weston-super-Mare,South West,England,County,82526,67.38967113,30.78541374
John Redwood,johnredwood,0,70,9,Conservative,1,Wokingham,South East,England,County,83953,73.84727169,11.90864074
John Spellar,spellar,0,74,11,Labour,0,Warley,West Midlands,England,Borough,62357,59.71903716,30.91114155
John Stevenson,John4Carlisle,0,58,4,Conservative,1,Carlisle,North West,England,County,65105,65.85208509,19.40382059
John Whittingdale,JWhittingdale,0,62,8,Conservative,1,Maldon,East,England,County,72438,69.58778542,59.5956991
Johnny McNally,JohnMcNallySNP,0,70,3,SNP,0,Falkirk,Scotland,Scotland,County,84472,66.14262714,26.75400916
Johnny Mercer,JohnnyMercerUK,0,40,3,Conservative,1,"Plymouth, Moor View",South West,England,Borough,69430,63.71741322,29.15300979
Jon Cruddas,JonCruddas_1,0,59,6,Labour,0,Dagenham and Rainham,London,England,Borough,71045,61.55957492,0.669943981
Jon Trickett,jon_trickett,0,71,8,Labour,0,Hemsworth,Yorkshire and The Humber,England,County,73726,59.55429564,2.687498577
Jonathan Ashworth,JonAshworth,0,43,4,Labour,0,Leicester South,East Midlands,England,Borough,77708,64.53260926,45.21706184
Jonathan Djanogly,JDjanogly,0,56,6,Conservative,1,Huntingdon,East,England,County,84657,69.86663832,32.77089286
Jonathan Edwards,,0,45,4,PC,0,Carmarthen East and Dinefwr,Wales,Wales,County,57419,71.40841882,4.411979903
Jonathan Gullis,,0,31,1,Conservative,1,Stoke-On-Trent North,West Midlands,England,Borough,68298,58.76306773,15.66253052
Jonathan Lord,JonathanLord,0,59,4,Conservative,1,Woking,South East,England,County,75424,71.51172041,18.10816323
Jonathan Reynolds,jreynoldsMP,0,41,4,Labour,0,Stalybridge and Hyde,North West,England,County,73064,57.98751779,6.953361027
Joy Morrissey,joymorrissey,1,40,1,Conservative,1,Beaconsfield,South East,England,County,77720,74.45702522,27.15144812
Judith Cummins,JudithCummins,1,54,3,Labour,0,Bradford South,Yorkshire and The Humber,England,Borough,69046,57.55728065,5.903223371
Julia Lopez,JuliaLopezMP,1,37,2,Conservative,1,Hornchurch and Upminster,London,England,Borough,80765,66.82845292,43.18375514
Julian Knight,julianknight15,0,49,3,Conservative,1,Solihull,West Midlands,England,Borough,78760,70.26917217,38.43777103
Julian Lewis,,0,70,7,Conservative,1,New Forest East,South East,England,County,73549,69.05056493,49.72039538
Julian Smith,JulianSmithUK,0,50,4,Conservative,1,Skipton and Ripon,Yorkshire and The Humber,England,County,78347,74.95373148,40.34806893
Julian Sturdy,JulianSturdy,0,50,4,Conservative,1,York Outer,Yorkshire and The Humber,England,County,74673,74.11915954,18.04072488
Julie Elliott,JulieElliottMP,1,58,4,Labour,0,Sunderland Central,North East,England,Borough,72680,59.81838195,6.817554513
Julie Marson,JulieMarsonMP,1,121,1,Conservative,1,Hertford and Stortford,East,England,County,81765,73.49599462,32.64885013
Justin Madders,justinmadders,0,49,3,Labour,0,Ellesmere Port and Neston,North West,England,County,70327,69.31335049,17.97891109
Justin Tomlinson,JustinTomlinson,0,45,4,Conservative,1,North Swindon,South West,England,County,82441,66.85387125,29.34046993
Karen Bradley,,1,51,4,Conservative,1,Staffordshire Moorlands,West Midlands,England,County,65485,66.66564862,37.63056625
Karen Buck,KarenPBuckMP,1,63,7,Labour,0,Westminster North,London,England,Borough,65519,65.49397885,25.07282515
Karin Smyth,karinsmyth,1,57,3,Labour,0,Bristol South,South West,England,Borough,84079,65.64778363,17.86180158
Karl McCartney,karlmccartney,0,53,4,Conservative,1,Lincoln,East Midlands,England,Borough,74942,67.55757786,6.940686168
Karl Turner,KarlTurnerMP,0,50,4,Labour,0,Kingston upon Hull East,Yorkshire and The Humber,England,Borough,65745,49.34519735,3.819123359
Kate Green,KateGreenSU,1,61,4,Labour,0,Stretford and Urmston,North West,England,Borough,72372,69.18006964,32.79006132
Kate Griffiths,,1,121,1,Conservative,1,Burton,West Midlands,England,County,75036,64.95282265,29.7427059
Kate Hollern,Kate_HollernMP,1,66,3,Labour,0,Blackburn,North West,England,Borough,71234,62.80147121,40.91559371
Kate Osamor,KateOsamor,1,53,3,Labour,0,Edmonton,London,England,Borough,65747,61.35793268,39.69906547
Kate Osborne,KateOsborneMP,1,121,1,Labour,0,Jarrow,North East,England,Borough,65103,62.57161728,17.47839749
Katherine Fletcher,K_Fletcher_MP,1,45,1,Conservative,1,South Ribble,North West,England,County,75351,71.37795119,20.8221776
Keir Starmer,Keir_Starmer,0,59,3,Labour,0,Holborn and St Pancras,London,England,Borough,86061,65.98343036,48.89057162
Kelly Tolhurst,KellyTolhurst,1,43,3,Conservative,1,Rochester and Strood,South East,England,County,82056,63.28117383,32.87755652
Kemi Badenoch,KemiBadenoch,1,41,2,Conservative,1,Saffron Walden,East,England,County,87017,72.49847731,43.74029103
Kenny MacAskill,KennyMacAskill,0,63,1,SNP,0,East Lothian,Scotland,Scotland,County,81600,71.70710784,6.641259207
Kerry McCarthy,KerryMP,1,56,5,Labour,0,Bristol East,South West,England,Borough,73867,70.60527705,20.69639913
Kevan Jones,KevanJonesMP,0,57,6,Labour,0,North Durham,North East,England,County,66796,63.1699503,11.23829838
Kevin Brennan,KevinBrennanMP,0,62,6,Labour,0,Cardiff West,Wales,Wales,Borough,68508,67.40380685,23.79106482
Kevin Foster,kevin_j_foster,0,43,3,Conservative,1,Torbay,South West,England,Borough,75054,67.18629254,35.19811209
Kevin Hollinrake,kevinhollinrake,0,58,3,Conservative,1,Thirsk and Malton,Yorkshire and The Humber,England,County,80991,69.86949167,44.45112038
Khalid Mahmood,khalid4PB,0,60,6,Labour,0,"Birmingham, Perry Barr",West Midlands,England,Borough,72006,58.53262228,36.34185114
Kieran John Mullan,KieranMullanUK,0,37,1,Conservative,1,Crewe and Nantwich,North West,England,County,80321,67.27007881,15.74622446
Kim Johnson,KimJohnsonMP,1,61,1,Labour,0,"Liverpool, Riverside",North West,England,Borough,80310,65.73154028,70.1718161
Kirsten Oswald,kirstenoswald,1,49,3,SNP,0,East Renfrewshire,Scotland,Scotland,County,72232,76.63777827,9.801831747
Kirsty Blackman,KirstySNP,1,35,3,SNP,0,Aberdeen North,Scotland,Scotland,Borough,62489,59.87133736,33.86523401
Kit Malthouse,kitmalthouse,0,55,3,Conservative,1,North West Hampshire,South East,England,County,83083,70.91462754,44.65188907
Kwasi Kwarteng,KwasiKwarteng,0,46,4,Conservative,1,Spelthorne,South East,England,Borough,70929,69.80219656,37.15007069
Laura Farris,Laura__Farris,1,43,1,Conservative,1,Newbury,South East,England,County,83414,71.92797372,26.74589153
Laura Trott,,1,37,1,Conservative,1,Sevenoaks,South East,England,County,71757,71.01188734,40.85485517
Laurence Robertson,lrobertsonTewks,0,63,7,Conservative,1,Tewkesbury,South West,England,County,83958,72.82212535,36.65358194
Layla Moran,LaylaMoran,1,39,2,LibDem,0,Oxford West and Abingdon,South East,England,County,76951,76.44345103,15.20297838
Lee Anderson,LeeAndersonMP,0,121,1,Conservative,1,Ashfield,East Midlands,England,County,78204,62.63106746,11.70477746
Lee Benjamin Rowley,Lee4NED,0,41,2,Conservative,1,North East Derbyshire,East Midlands,England,County,72345,68.03096275,26.1616921
Leo Docherty,LeoDochertyUK,0,45,2,Conservative,1,Aldershot,South East,England,Borough,72617,66.00658248,34.83685221
Lia Nici,lia_nici,1,52,1,Conservative,1,Great Grimsby,Yorkshire and The Humber,England,Borough,61409,53.87972447,22.1567383
Liam Byrne,liambyrnemp,0,51,6,Labour,0,"Birmingham, Hodge Hill",West Midlands,England,Borough,78295,57.4787662,63.67353288
Liam Fox,LiamFox,0,60,8,Conservative,1,North Somerset,South West,England,County,80194,77.38110083,28.25880268
Lilian Greenwood,LilianGreenwood,1,55,4,Labour,0,Nottingham South,East Midlands,England,Borough,79485,60.55733786,26.11044168
Lindsay Hoyle,LindsayHoyle_MP,0,64,7,Speaker,0,Chorley,North West,England,County,77072,51.73084908,43.62177075
Lisa Cameron,DrLisaCameronMP,1,49,3,SNP,0,"East Kilbride, Strathaven and Lesmahagow",Scotland,Scotland,County,81224,69.36004137,23.64698156
Lisa Nandy,lisanandy,1,42,4,Labour,0,Wigan,North West,England,County,75680,59.51638478,14.93716975
Liz Kendall,leicesterliz,1,50,4,Labour,0,Leicester West,East Midlands,England,Borough,64940,53.54943024,12.11214953
Liz Saville Roberts,LSRPlaid,1,56,3,PC,0,Dwyfor Meirionnydd,Wales,Wales,County,44362,67.46314413,15.83801123
Liz Twist,LizTwistMP,1,65,2,Labour,0,Blaydon,North East,England,Borough,67853,67.3234787,12.10787855
Lloyd Russell-Moyle,lloyd_rm,0,35,2,Labour,0,"Brighton, Kemptown",South East,England,Borough,69833,69.49866109,16.60931737
Louise Haigh,LouHaigh,1,34,3,Labour,0,"Sheffield, Heeley",Yorkshire and The Humber,England,Borough,66940,63.78099791,19.9554983
Lucy Allan,lucyallan,1,57,3,Conservative,1,Telford,West Midlands,England,Borough,68921,62.13635902,25.54816112
Lucy Frazer,lucyfrazermp,1,49,3,Conservative,1,South East Cambridgeshire,East,England,County,86769,74.20276827,17.84577153
Lucy Powell,LucyMPowell,1,47,4,Labour,0,Manchester Central,North West,England,Borough,92247,56.68368619,55.6312035
Luke Evans,drlukeevans,0,38,1,Conservative,1,Bosworth,East Midlands,England,County,81542,69.20605332,46.56577828
Luke Hall,LukeHall,0,35,3,Conservative,1,Thornbury and Yate,South West,England,County,69492,75.17843781,23.67589916
Luke Pollard,LukePollard,0,41,2,Labour,0,"Plymouth, Sutton and Devonport",South West,England,Borough,77852,68.30396136,8.945765007
Lyn Brown,lynbrownmp,1,61,5,Labour,0,West Ham,London,England,Borough,97947,61.46181098,53.80066445
Maggie Throup,maggie_erewash,1,64,3,Conservative,1,Erewash,East Midlands,England,County,72523,67.30830219,21.72737329
Marco Longhi,marcolonghi4dn,0,121,1,Conservative,1,Dudley North,West Midlands,England,Borough,61936,59.22888143,31.4387744
Marcus Fysh,MarcusFysh,0,51,3,Conservative,1,Yeovil,South West,England,County,82468,71.85817529,27.30509619
Marcus Jones,Marcus4Nuneaton,0,47,4,Conservative,1,Nuneaton,West Midlands,England,County,70226,64.34938627,29.08608099
Margaret Beckett,,1,78,12,Labour,0,Derby South,East Midlands,England,Borough,73062,58.117763,14.17502708
Margaret Ferrier,MargaretFerrier,1,61,3,Independent,0,Rutherglen and Hamilton West,Scotland,Scotland,Borough,80918,66.47964606,9.72227386
Margaret Greenwood,MGreenwoodWW,1,62,3,Labour,0,Wirral West,North West,England,County,55550,77.26012601,6.997064169
Margaret Hodge,margarethodge,1,77,8,Labour,0,Barking,London,England,Borough,77953,57.08439701,34.66819479
Maria Caulfield,mariacaulfield,1,48,3,Conservative,1,Lewes,South East,England,County,71503,76.71146665,4.47940785
Maria Eagle,meaglemp,1,60,7,Labour,0,Garston and Halewood,North West,England,Borough,76116,70.05885753,59.30315418
Maria Miller,MariaMillerUK,1,57,5,Conservative,1,Basingstoke,South East,England,Borough,82928,65.97650974,25.94995705
Marie Rimmer,MarieRimmer,1,74,3,Labour,0,St Helens South and Whiston,North West,England,Borough,79061,63.63820341,38.00608193
Marion Fellows,marionfellows,1,72,3,SNP,0,Motherwell and Wishaw,Scotland,Scotland,Borough,68856,64.51144417,14.11076092
Mark Eastwood,mark4dewsbury,0,121,1,Conservative,1,Dewsbury,Yorkshire and The Humber,England,County,81253,69.39928372,2.768270407
Mark Fletcher,,0,36,1,Conservative,1,Bolsover,East Midlands,England,County,74292,61.83438324,11.53511254
Mark Francois,,0,56,6,Conservative,1,Rayleigh and Wickford,East,England,County,78930,69.55656911,56.46527386
Mark Garnier,Mark4WyreForest,0,58,4,Conservative,1,Wyre Forest,West Midlands,England,County,78077,64.75786723,42.35082376
Mark Harper,Mark_J_Harper,0,51,5,Conservative,1,Forest of Dean,South West,England,County,71438,72.05548868,30.82855755
Mark Hendrick,MpHendrick,0,63,7,Labour,0,Preston,North West,England,Borough,59672,56.62622335,35.94554602
Mark Jenkinson,markjenkinsonmp,0,39,1,Conservative,1,Workington,North West,England,County,61370,67.78393352,10.03870285
Mark Logan,,0,121,1,Conservative,1,Bolton North East,North West,England,Borough,67564,64.46628382,0.867848287
Mark Menzies,,0,50,4,Conservative,1,Fylde,North West,England,County,66847,69.79969183,35.60084871
Mark Pawsey,MarkPawsey,0,64,4,Conservative,1,Rugby,West Midlands,England,County,72292,70.28993526,26.46317944
Mark Pritchard,MPritchardUK,0,55,5,Conservative,1,The Wrekin,West Midlands,England,County,70693,69.15819105,38.30231131
Mark Spencer,Mark_Spencer,0,51,4,Conservative,1,Sherwood,East Midlands,England,County,77888,67.67281224,30.7082282
Mark Tami,MarkTamiMP,0,59,6,Labour,0,Alyn and Deeside,Wales,Wales,County,62789,68.49607415,0.495256696
Marsha de Cordova,MarshadeCordova,1,45,2,Labour,0,Battersea,London,England,Borough,79350,75.58538122,9.450289278
Martin Docherty-Hughes,MartinJDocherty,0,50,3,SNP,0,West Dunbartonshire,Scotland,Scotland,County,66517,67.86235098,21.16304829
Martin Vickers,MartinVickers,0,71,4,Conservative,1,Cleethorpes,Yorkshire and The Humber,England,County,73689,62.88455536,46.22024644
Martyn Day,MartynDaySNP,0,50,3,SNP,0,Linlithgow and East Falkirk,Scotland,Scotland,County,87044,66.37447728,19.49978364
Mary Foy,marykfoy,1,53,1,Labour,0,City of Durham,North East,England,County,71271,68.55382975,10.28469678
Mary Glindon,GlindonMary,1,64,4,Labour,0,North Tyneside,North East,England,Borough,78902,63.91346227,18.95932896
Mary Robinson,MaryRobinson01,1,66,3,Conservative,1,Cheadle,North West,England,Borough,74577,74.96010834,4.178666619
Matt Rodda,MattRodda,0,55,2,Labour,0,Reading East,South East,England,Borough,77152,72.47770635,10.59408419
Matt Vickers,Matt_VickersMP,0,38,1,Conservative,1,Stockton South,North East,England,Borough,76870,71.29179134,9.598189847
Matt Warman,mattwarman,0,40,3,Conservative,1,Boston and Skegness,East Midlands,England,County,69381,60.09714475,61.44714121
Matt Western,MattWestern_,0,59,2,Labour,0,Warwick and Leamington,West Midlands,England,Borough,76362,70.98425919,1.455585278
Matthew Hancock,MattHancock,0,43,4,Conservative,1,West Suffolk,East,England,County,80193,64.14150861,45.09205436
Matthew Offord,Offord4Hendon,0,52,4,Conservative,1,Hendon,London,England,Borough,82661,66.62755108,7.680435769
Matthew Pennycook,mtpennycook,0,39,3,Labour,0,Greenwich and Woolwich,London,England,Borough,79997,66.40249009,34.75903614
Meg Hillier,Meg_HillierMP,1,52,5,Labour,0,Hackney South and Shoreditch,London,England,Borough,89387,60.9025921,62.42767134
Mel Stride,MelJStride,0,60,4,Conservative,1,Central Devon,South West,England,County,74296,78.16302358,30.51556688
Mhairi Black,MhairiBlack,1,27,3,SNP,0,Paisley and Renfrewshire South,Scotland,Scotland,County,64385,66.91620719,24.78646365
Michael Ellis,Michael_Ellis1,0,54,4,Conservative,1,Northampton North,East Midlands,England,Borough,58768,67.27981214,13.92802044
Michael Fabricant,Mike_Fabricant,0,71,8,Conservative,1,Lichfield,West Midlands,England,County,76616,70.47222512,43.77974923
Michael Gove,michaelgove,0,54,5,Conservative,1,Surrey Heath,South East,England,County,81349,72.10168533,31.28345893
Michael Tomlinson,Michael4MDNP,0,44,3,Conservative,1,Mid Dorset and North Poole,South West,England,County,65427,74.78563896,30.44757817
Michelle Donelan,michelledonelan,1,37,3,Conservative,1,Chippenham,South West,England,County,77221,73.94232139,19.76917284
Michelle Gildernew,gildernewm,1,51,6,SF,0,Fermanagh and South Tyrone,Northern Ireland,Northern Ireland,County,72848,69.68207775,0.11228872
Mick Whitley,MickWhitleyMP,0,121,1,Labour,0,Birkenhead,North West,England,Borough,63762,66.3859352,41.82711616
Mickey Brady,MickeyBradySF,0,71,3,SF,0,Newry and Armagh,Northern Ireland,Northern Ireland,County,81226,62.51569694,18.2890565
Mike Amesbury,MikeAmesburyMP,0,52,2,Labour,0,Weaver Vale,North West,England,County,70551,71.88133407,1.108197109
Mike Freer,,0,61,4,Conservative,1,Finchley and Golders Green,London,England,Borough,77573,71.04147061,11.90731097
Mike Hill,MikeHillMP,0,121,2,Labour,0,Hartlepool,North East,England,Borough,70855,57.91687249,8.760386968
Mike Kane,MikeKaneMP,0,52,4,Labour,0,Wythenshawe and Sale East,North West,England,Borough,76313,58.65186796,23.22661364
Mike Penning,,0,64,5,Conservative,1,Hemel Hempstead,East,England,County,74035,69.25238063,28.40397106
Mike Wood,mikejwood,0,45,3,Conservative,1,Dudley South,West Midlands,England,Borough,60731,60.2262436,42.55522747
Mims Davies,mimsdavies,1,46,3,Conservative,1,Mid Sussex,South East,England,County,85146,73.71103751,28.99365858
Miriam Cates,,1,39,1,Conservative,1,Penistone and Stocksbridge,Yorkshire and The Humber,England,County,70925,69.82023264,14.55977383
Mohammad Yasin,YasinForBedford,0,50,2,Labour,0,Bedford,East,England,Borough,71581,66.08038446,0.30654743
Munira Wilson,munirawilson,1,121,1,LibDem,0,Twickenham,London,England,Borough,84906,75.96989612,21.89200502
Nadhim Zahawi,nadhimzahawi,0,54,4,Conservative,1,Stratford-on-Avon,West Midlands,England,County,74037,74.35201318,36.2810638
Nadia Whittome,NadiaWhittomeMP,1,25,1,Labour,0,Nottingham East,East Midlands,England,Borough,66262,60.37246084,43.47815218
Nadine Dorries,,1,64,5,Conservative,1,Mid Bedfordshire,East,England,County,87795,73.71376502,38.11054282
Natalie Elphicke,NatalieElphicke,1,51,1,Conservative,1,Dover,South East,England,County,76355,66.40167638,24.21648488
Nav Mishra,NavPMishra,0,121,1,Labour,0,Stockport,North West,England,Borough,65391,63.79318255,24.06568381
Naz Shah,NazShahBfd,1,48,3,Labour,0,Bradford West,Yorkshire and The Humber,England,Borough,70694,62.60927377,61.04471205
Neale Hanvey,JNHanvey,0,121,1,SNP,0,Kirkcaldy and Cowdenbeath,Scotland,Scotland,County,72853,64.52033547,2.644399532
Neil Coyle,coyleneil,0,43,3,Labour,0,Bermondsey and Old Southwark,London,England,Borough,93248,62.85925704,27.51172908
Neil Gray,neilgraysnp,0,35,3,SNP,0,Airdrie and Shotts,Scotland,Scotland,County,64011,62.13307088,13.07703912
Neil Hudson,DrNeilHudson,0,121,1,Conservative,1,Penrith and The Border,North West,England,County,67555,70.79268744,38.7232352
Neil O'Brien,NeilDotObrien,0,43,2,Conservative,1,Harborough,East Midlands,England,County,80151,71.51376776,30.14358241
Neil Parish,neil_parish,0,65,4,Conservative,1,Tiverton and Honiton,South West,England,County,82953,71.8635854,40.66059417
Nia Griffith,NiaGriffithMP,1,65,5,Labour,0,Llanelli,Wales,Wales,County,60518,63.17624508,12.21457903
Nicholas Brown,,0,71,10,Labour,0,Newcastle Upon Tyne East,North East,England,Borough,63796,67.97448116,35.65778854
Nicholas Fletcher,NickFletcherMP,0,121,1,Conservative,1,Don Valley,Yorkshire and The Humber,England,County,75356,60.29645947,7.989083786
Nick Gibb,NickGibbUK,0,61,7,Conservative,1,Bognor Regis and Littlehampton,South East,England,County,77446,66.14027839,43.93143705
Nick Smith,BlaenauGwentMP,0,61,4,Labour,0,Blaenau Gwent,Wales,Wales,County,50739,59.55773665,28.61444786
Nick Thomas-Symonds,NickTorfaen,0,41,3,Labour,0,Torfaen,Wales,Wales,County,62330,59.64383122,10.06563374
Nickie Aiken,twocitiesnickie,1,52,1,Conservative,1,Cities of London and Westminster,London,England,Borough,63700,67.06907378,9.25262739
Nicola Faye Richards,Nicola4WBE,1,121,1,Conservative,1,West Bromwich East,West Midlands,England,Borough,62046,57.98117526,4.428075052
Nigel Adams,nadams,0,55,4,Conservative,1,Selby and Ainsty,Yorkshire and The Humber,England,County,78398,71.9635705,35.69250948
Nigel Evans,nigelmp,0,64,8,Conservative,1,Ribble Valley,North West,England,County,79247,69.76163136,33.35323059
Nigel Huddleston,HuddlestonNigel,0,51,3,Conservative,1,Mid Worcestershire,West Midlands,England,County,78220,71.75019177,49.92249167
Nigel Mills,nigelmills,0,47,4,Conservative,1,Amber Valley,East Midlands,England,County,69976,65.11804047,37.0575197
Nusrat Ghani,Nus_Ghani,1,49,3,Conservative,1,Wealden,South East,England,County,82998,73.38369599,42.12159522
Oliver Dowden,OliverDowden,0,43,3,Conservative,1,Hertsmere,East,England,County,73971,70.57225129,40.82715553
Oliver Heald,OliverHealdUK,0,67,8,Conservative,1,North East Hertfordshire,East,England,County,76123,72.68105566,32.8754496
Olivia Frances Blake,_OliviaBlake,1,31,1,Labour,0,"Sheffield, Hallam",Yorkshire and The Humber,England,County,72763,78.17846983,1.251648062
Orfhlaith Begley,OrfhlaithBegley,1,30,2,SF,0,West Tyrone,Northern Ireland,Northern Ireland,County,66259,62.15910291,18.15665517
Owen Paterson,OwenPaterson,0,65,7,Conservative,1,North Shropshire,West Midlands,England,County,83258,67.87696077,40.6083556
Owen Thompson,OwenThompson,0,43,3,SNP,0,Midlothian,Scotland,Scotland,County,70544,68.35591971,11.83094502
Pat McFadden,patmcfaddenmp,0,56,5,Labour,0,Wolverhampton South East,West Midlands,England,Borough,62883,53.18289522,3.692850522
Patricia Gibson,PGibsonSNP,1,53,3,SNP,0,North Ayrshire and Arran,Scotland,Scotland,County,73534,65.48535371,17.69531088
Patrick Grady,GradySNP,0,41,3,SNP,0,Glasgow North,Scotland,Scotland,Borough,57130,63.34850341,15.47622337
Paul Beresford,,0,75,8,Conservative,1,Mole Valley,South East,England,County,74665,76.48831447,21.08387323
Paul Blomfield,PaulBlomfieldMP,0,68,4,Labour,0,Sheffield Central,Yorkshire and The Humber,England,Borough,89849,56.6650714,53.56785104
Paul Bristow,paulbristow79,0,42,1,Conservative,1,Peterborough,East,England,Borough,72560,65.87789416,5.397376624
Paul Girvan,PaulGirvanMP,0,58,2,DUP,0,South Antrim,Northern Ireland,Northern Ireland,County,71711,59.92665003,6.257271839
Paul Holmes,pauljholmes,0,33,1,Conservative,1,Eastleigh,South East,England,Borough,83880,70.30400572,26.46555086
Paul Howell,PaulHowellMP,0,121,1,Conservative,1,Sedgefield,North East,England,County,64325,64.618733,10.85743155
Paul Maskey,PaulMaskeyMP,0,54,4,SF,0,Belfast West,Northern Ireland,Northern Ireland,Borough,65644,59.0792761,37.83198391
Paul Maynard,PaulMaynardUK,0,46,4,Conservative,1,Blackpool North and Cleveleys,North West,England,Borough,63692,60.92444891,22.15235543
Paul Scully,scullyp,0,53,3,Conservative,1,Sutton and Cheam,London,England,Borough,71779,70.33672801,16.54089171
Paula Barker,PaulaBarkerMP,1,49,1,Labour,0,"Liverpool, Wavertree",North West,England,Borough,63458,68.3554477,62.44092491
Pauline Latham,Pauline_Latham,1,73,4,Conservative,1,Mid Derbyshire,East Midlands,England,County,67442,73.18288307,31.17148878
Penny Mordaunt,PennyMordaunt,1,48,4,Conservative,1,Portsmouth North,South East,England,Borough,71299,64.39080492,34.3715966
Pete Wishart,PeteWishart,0,59,6,SNP,0,Perth and North Perthshire,Scotland,Scotland,County,72600,74.48484848,13.9618315
Peter Aldous,peter_aldous,0,60,4,Conservative,1,Waveney,East,England,County,82791,61.75671269,35.2089812
Peter Bone,PeterBoneUK,0,69,5,Conservative,1,Wellingborough,East Midlands,England,County,80765,64.27660497,35.71359775
Peter Bottomley,,0,77,12,Conservative,1,Worthing West,South East,England,Borough,78585,69.53998855,27.12450593
Peter Dowd,Peter_Dowd,0,64,3,Labour,0,Bootle,North West,England,Borough,74832,65.7125294,70.27290845
Peter Gibson,Gibbo4Darlo,0,46,1,Conservative,1,Darlington,North East,England,Borough,66397,65.51199602,7.572761966
Peter Grant,PeterGrantMP,0,61,3,SNP,0,Glenrothes,Scotland,Scotland,County,65672,63.2628822,28.29875319
Peter Kyle,peterkyle,0,51,3,Labour,0,Hove,South East,England,Borough,74313,75.8830891,30.22468124
Philip Davies,PhilipDaviesUK,0,49,5,Conservative,1,Shipley,Yorkshire and The Humber,England,County,74029,72.94978995,11.55840308
Philip Dunne,Dunne4Ludlow,0,63,5,Conservative,1,Ludlow,West Midlands,England,County,69444,72.32446288,47.08412145
Philip Hollobone,,0,57,5,Conservative,1,Kettering,East Midlands,England,County,73164,67.46624023,33.9640607
Philippa Whitford,Dr_PhilippaW,1,63,3,SNP,0,Central Ayrshire,Scotland,Scotland,County,69742,66.72306501,11.39811751
Preet Gill,PreetKGillMP,1,49,2,Labour,0,"Birmingham, Edgbaston",West Midlands,England,Borough,68828,61.49822747,13.26308826
Priti Patel,pritipatel,1,49,4,Conservative,1,Witham,East,England,County,70402,70.08891793,48.80431258
Rachael Maskell,RachaelMaskell,1,49,3,Labour,0,York Central,Yorkshire and The Humber,England,Borough,74899,66.09567551,27.36087264
Rachel Hopkins,rach_hopkins,1,49,1,Labour,0,Luton South,East,England,Borough,69338,60.66514754,20.81589958
Rachel Maclean,redditchrachel,1,56,2,Conservative,1,Redditch,West Midlands,England,County,65391,67.3900078,36.39004244
Rachel Reeves,RachelReevesMP,1,42,4,Labour,0,Leeds West,Yorkshire and The Humber,England,Borough,67727,59.47554151,26.22576401
Ranil Jayawardena,TeamRanil,0,35,3,Conservative,1,North East Hampshire,South East,England,County,78954,75.06902754,34.0998819
Rebecca Harris,RebeccaHarrisMP,1,54,4,Conservative,1,Castle Point,East,England,Borough,69608,63.60906792,60.15312691
Rebecca Long-Bailey,RLong_Bailey,1,42,3,Labour,0,Salford and Eccles,North West,England,Borough,82202,61.5946084,32.24640544
Rebecca Pow,pow_rebecca,1,61,3,Conservative,1,Taunton Deane,South West,England,County,88676,71.87175786,18.3578366
Rehman Chishti,Rehman_Chishti,0,43,4,Conservative,1,Gillingham and Rainham,South East,England,Borough,73549,62.48623367,32.89742809
Richard Bacon,richardbaconmp,0,59,6,Conservative,1,South Norfolk,East,England,County,86214,72.47546802,34.04871647
Richard Burgon,RichardBurgon,0,41,3,Labour,0,Leeds East,Yorkshire and The Humber,England,Borough,67286,58.03881937,14.16316706
Richard Drax,,0,63,4,Conservative,1,South Dorset,South West,England,County,73809,69.17584576,33.59512711
Richard Fuller,,0,59,4,Conservative,1,North East Bedfordshire,East,England,County,90678,71.70206665,37.34811898
Richard Gordon Thomson,RThomsonMP,0,45,1,SNP,0,Gordon,Scotland,Scotland,County,79629,70.22064826,1.464697046
Richard Graham,RichardGrahamUK,0,63,4,Conservative,1,Gloucester,South West,England,Borough,81319,66.11493009,19.1150212
Richard Holden,RicHolden,0,36,1,Conservative,1,North West Durham,North East,England,County,72166,66.04633761,2.40018463
Rishi Sunak,RishiSunak,0,41,3,Conservative,1,Richmond (Yorks),Yorkshire and The Humber,England,County,82569,69.88458138,47.15526056
Rob Butler,AylesburyTories,0,121,1,Conservative,1,Aylesbury,South East,England,County,86665,69.89672878,28.67967512
Rob Roberts,,0,121,1,Conservative,1,Delyn,Wales,Wales,County,54560,70.32624633,2.25436539
Robbie Moore,_RobbieMoore,0,37,1,Conservative,1,Keighley,Yorkshire and The Humber,England,County,72778,72.27458847,4.216730038
Robert Buckland,RobertBuckland,0,53,4,Conservative,1,South Swindon,South West,England,County,73118,69.40288301,13.05521617
Robert Courts,robertcourts,0,43,3,Conservative,1,Witney,South East,England,County,83845,73.11706124,24.75654514
Robert Goodwill,,0,65,5,Conservative,1,Scarborough and Whitby,Yorkshire and The Humber,England,County,74404,66.82974034,20.65401014
Robert Halfon,halfon4harlowMP,0,52,4,Conservative,1,Harlow,East,England,County,68078,63.6828344,32.43760668
Robert Jenrick,RobertJenrick,0,39,4,Conservative,1,Newark,East Midlands,England,County,75850,72.19775873,39.83784376
Robert Largan,robertlargan,0,34,1,Conservative,1,High Peak,East Midlands,England,County,74265,72.94553289,1.089103428
Robert Neill,neill_bob,0,69,5,Conservative,1,Bromley and Chislehurst,London,England,Borough,66697,68.31791535,23.90159329
Robert Syms,RobertSyms,0,65,7,Conservative,1,Poole,South West,England,Borough,73989,68.18716296,37.89023012
Robin John Millar,RobinMillarMP,0,121,1,Conservative,1,Aberconwy,Wales,Wales,County,44699,71.28794828,6.383179037
Robin Walker,WalkerWorcester,0,43,4,Conservative,1,Worcester,West Midlands,England,Borough,73485,69.26311492,13.27753546
Roger Gale,SirRogerGale,0,78,10,Conservative,1,North Thanet,South East,England,County,72756,66.21859366,35.67811034
Ronnie Cowan,ronniecowan,0,62,3,SNP,0,Inverclyde,Scotland,Scotland,County,60622,65.82263865,18.82565221
Rosena Allin-Khan,DrRosena,1,44,3,Labour,0,Tooting,London,England,Borough,76954,75.98435429,24.46770304
Rosie Cooper,rosie4westlancs,1,71,5,Labour,0,West Lancashire,North West,England,County,73347,71.79980095,15.82895012
Rosie Duffield,RosieDuffield1,1,50,2,Labour,0,Canterbury,South East,England,County,80203,74.95106168,3.054247833
Rosie Winterton,,1,63,7,Labour,0,Doncaster Central,Yorkshire and The Humber,England,Borough,71389,58.2456681,5.478463721
Royston Smith,Royston_Smith,0,57,3,Conservative,1,"Southampton, Itchen",South East,England,Borough,72299,65.59011881,9.485249151
Rupa Huq,RupaHuq,1,49,3,Labour,0,Ealing Central and Acton,London,England,Borough,75510,72.58243941,24.2669732
Rushanara Ali,rushanaraali,1,46,4,Labour,0,Bethnal Green and Bow,London,England,Borough,88262,68.61616551,61.95964466
Ruth Cadbury,RuthCadbury,1,62,3,Labour,0,Brentford and Isleworth,London,England,Borough,85775,67.99883416,18.02626616
Ruth Edwards,RuthEdwardsMP,1,121,1,Conservative,1,Rushcliffe,East Midlands,England,County,77047,78.52998819,12.63201388
Ruth Jones,RuthNewportWest,1,59,2,Labour,0,Newport West,Wales,Wales,County,66657,65.15894805,2.076761909
Sajid Javid,sajidjavid,0,52,4,Conservative,1,Bromsgrove,West Midlands,England,County,75078,72.28748768,42.57443986
Sally-Ann Hart,SallyAnn1066,1,53,1,Conservative,1,Hastings and Rye,South East,England,County,80524,67.4010233,7.449239046
Sam Tarry,SamTarry,0,39,1,Labour,0,Ilford South,London,England,Borough,84972,62.93484913,45.06797315
Sammy Wilson,eastantrimmp,0,68,5,DUP,0,East Antrim,Northern Ireland,Northern Ireland,County,64830,57.47493444,17.9973699
Saqib Bhatti,bhatti_saqib,0,36,1,Conservative,1,Meriden,West Midlands,England,County,85368,63.44414769,42.16318015
Sara Britcliffe,SarBritcliffeMP,1,26,1,Conservative,1,Hyndburn,North West,England,Borough,70842,59.85997007,6.958920907
Sarah Atherton,AthertonNWales,1,54,1,Conservative,1,Wrexham,Wales,Wales,County,49737,67.41862195,6.355123464
Sarah Champion,SarahChampionMP,1,52,4,Labour,0,Rotherham,Yorkshire and The Humber,England,Borough,61688,57.79243937,8.754312642
Sarah Dines,Dines4Dales,1,121,1,Conservative,1,Derbyshire Dales,East Midlands,England,County,65080,76.85310387,34.75087972
Sarah Jones,LabourSJ,1,49,2,Labour,0,Croydon Central,London,England,Borough,81407,66.3886398,11.00749376
Sarah Olney,sarahjolney1,1,44,3,LibDem,0,Richmond Park,London,England,Borough,82699,78.67930688,11.93538968
Sarah Owen,SarahOwen_,1,121,1,Labour,0,Luton North,East,England,Borough,68185,62.46095182,21.7121792
Scott Lloyd Benton,ScottBentonMP,0,34,1,Conservative,1,Blackpool South,North West,England,Borough,57690,56.77240423,11.26648754
Scott Mann,scottmann4NC,0,44,3,Conservative,1,North Cornwall,South West,England,County,69935,73.89433045,28.54599636
Seema Malhotra,SeemaMalhotra1,1,49,4,Labour,0,Feltham and Heston,London,England,Borough,80934,59.07406035,16.43763987
Selaine Saxby,SelaineSaxby,1,51,1,Conservative,1,North Devon,South West,England,County,75859,73.26882769,26.65119375
Shabana Mahmood,ShabanaMahmood,1,41,4,Labour,0,"Birmingham, Ladywood",West Midlands,England,Borough,74912,56.22330201,67.86172183
Shailesh Vara,ShaileshVara,0,61,5,Conservative,1,North West Cambridgeshire,East,England,County,94909,67.99460536,40.26312119
Sharon Hodgson,SharonHodgsonMP,1,55,5,Labour,0,Washington and Sunderland West,North East,England,Borough,66278,56.59947494,9.924559486
Shaun Bailey,Shaun4WBW,0,29,1,Conservative,1,West Bromwich West,West Midlands,England,Borough,64517,53.41072896,11.02469602
Sheryll Murray,sheryllmurray,1,65,4,Conservative,1,South East Cornwall,South West,England,County,71825,74.70240167,39.08489423
Simon Baynes,baynes_simon,0,61,1,Conservative,1,Clwyd South,Wales,Wales,County,53919,67.33433484,3.412659065
Simon Clarke,SimonClarkeMP,0,37,2,Conservative,1,Middlesbrough South and East Cleveland,North East,England,County,72348,66.09305026,24.31352866
Simon Fell,simonfell,0,121,1,Conservative,1,Barrow and Furness,North West,England,County,70158,65.63185952,12.5722104
Simon Hart,Simonhartmp,0,58,4,Conservative,1,Carmarthen West and South Pembrokeshire,Wales,Wales,County,59158,71.18901924,18.39055896
Simon Hoare,Simon4NDorset,0,52,3,Conservative,1,North Dorset,South West,England,County,76765,73.08929851,43.31188622
Simon Jupp,simonjamesjupp,0,36,1,Conservative,1,East Devon,South West,England,County,87168,73.50518539,10.46930845
Siobhain McDonagh,Siobhain_Mc,1,61,7,Labour,0,Mitcham and Morden,London,England,Borough,70021,65.32468831,36.03331803
Siobhan Baillie,Siobhan_Baillie,1,121,1,Conservative,1,Stroud,South West,England,County,84537,77.98951938,5.824359169
Stella Creasy,stellacreasy,1,44,4,Labour,0,Walthamstow,London,England,County,70267,68.78762435,63.85021206
Stephanie Peacock,Steph_Peacock,1,35,2,Labour,0,Barnsley East,Yorkshire and The Humber,England,County,69504,54.77382597,8.450223273
Stephen Barclay,SteveBarclay,0,49,4,Conservative,1,North East Cambridgeshire,East,England,County,83699,63.27913117,56.62903104
Stephen Crabb,SCrabbPembs,0,48,5,Conservative,1,Preseli Pembrokeshire,Wales,Wales,County,59606,71.16565446,11.93333176
Stephen Doughty,SDoughtyMP,0,41,4,Labour,0,Cardiff South and Penarth,Wales,Wales,Borough,78837,64.15642401,25.18238795
Stephen Farry,StephenFarryMP,0,50,1,APNI,0,North Down,Northern Ireland,Northern Ireland,County,67099,60.57169257,7.302610536
Stephen Flynn,StephenFlynnSNP,0,33,1,SNP,0,Aberdeen South,Scotland,Scotland,Borough,65719,69.44414857,8.742714405
Stephen Hammond,S_Hammond,0,59,5,Conservative,1,Wimbledon,London,England,Borough,68240,77.70662368,1.184302337
Stephen Kinnock,SKinnock,0,51,3,Labour,0,Aberavon,Wales,Wales,County,50750,62.26206897,33.19830369
Stephen McPartland,SMcPartland,0,45,4,Conservative,1,Stevenage,East,England,County,71562,66.63173192,17.95608498
Stephen Metcalfe,Metcalfe_SBET,0,55,4,Conservative,1,South Basildon and East Thurrock,East,England,County,74441,60.84953184,43.98083758
Stephen Morgan,StephenMorganMP,0,40,2,Labour,0,Portsmouth South,South East,England,Borough,74186,63.92715607,11.30838166
Stephen Timms,stephenctimms,0,66,8,Labour,0,East Ham,London,England,Borough,88319,61.8530554,60.73076078
Steve Brine,BrineMP,0,47,4,Conservative,1,Winchester,South East,England,County,75582,77.91537668,1.672609951
Steve Double,stevedouble,0,55,3,Conservative,1,St Austell and Newquay,South West,England,County,79930,69.78105843,29.62923121
Steve McCabe,steve_mccabe,0,66,7,Labour,0,"Birmingham, Selly Oak",West Midlands,England,Borough,82665,59.84031936,25.09551822
Steve Reed,SteveReedMP,0,58,4,Labour,0,Croydon North,London,England,Borough,88468,62.85775648,44.36871729
Steven Baker,SteveBakerHW,0,50,4,Conservative,1,Wycombe,South East,England,County,78093,70.11639968,7.69596026
Steven Bonnar,StevenBonnarSNP,0,121,1,SNP,0,"Coatbridge, Chryston and Bellshill",Scotland,Scotland,Borough,72943,66.10778279,11.66296842
Stewart Hosie,StewartHosieSNP,0,58,5,SNP,0,Dundee East,Scotland,Scotland,Borough,66210,68.38392992,29.54038474
Stewart Malcolm McDonald,StewartMcDonald,0,35,3,SNP,0,Glasgow South,Scotland,Scotland,Borough,70891,66.92386904,18.98067154
Stuart Andrew,StuartAndrew,0,50,4,Conservative,1,Pudsey,Yorkshire and The Humber,England,Borough,73212,74.05206797,6.487134557
Stuart C. McDonald,Stuart_McDonald,0,43,3,SNP,0,"Cumbernauld, Kilsyth and Kirkintilloch East",Scotland,Scotland,County,66079,69.13845549,28.40257409
Stuart Paul Anderson,Stuart4WolvesSW,0,45,1,Conservative,1,Wolverhampton South West,West Midlands,England,Borough,60534,67.95519873,4.037825749
Suella Fernandes,SuellaBraverman,1,41,3,Conservative,1,Fareham,South East,England,County,78337,73.08168554,45.5650655
Suzanne Webb,Q66Suzi,1,121,1,Conservative,1,Stourbridge,West Midlands,England,Borough,69891,65.37179322,29.70299197
Tahir Ali,TahirAliMP,0,121,1,Labour,0,"Birmingham, Hall Green",West Midlands,England,Borough,80283,65.90560891,53.87915556
Taiwo Owatemi,TaiwoOwatemi,1,121,1,Labour,0,Coventry North West,West Midlands,England,Borough,75247,63.44970564,0.435656836
Tanmanjit Singh Dhesi,TanDhesi,0,43,2,Labour,0,Slough,South East,England,Borough,86818,58.78734825,26.72518516
Thangam Debbonaire,ThangamMP,1,55,3,Labour,0,Bristol West,South West,England,Borough,99253,76.09644041,37.36230272
Theo Clarke,theodoraclarke,1,36,1,Conservative,1,Stafford,West Midlands,England,County,72572,70.48035055,28.1080764
Theresa May,theresa_may,1,65,7,Conservative,1,Maidenhead,South East,England,County,76668,73.68393593,33.36047582
Theresa Villiers,,1,53,5,Conservative,1,Chipping Barnet,London,England,Borough,79960,71.99724862,2.105299727
Therese Coffey,theresecoffey,1,50,4,Conservative,1,Suffolk Coastal,East,England,County,81910,71.18544744,35.21472182
Tim Farron,timfarron,0,51,5,LibDem,0,Westmorland and Lonsdale,North West,England,County,67789,77.75892844,3.668993778
Tim Loughton,timloughton,0,59,7,Conservative,1,East Worthing and Shoreham,South East,England,County,75194,70.6545735,14.06791146
Tobias Ellwood,Tobias_Ellwood,0,55,5,Conservative,1,Bournemouth East,South West,England,Borough,74125,66.47419899,17.87149409
Toby Perkins,tobyperkinsmp,0,51,4,Labour,0,Chesterfield,East Midlands,England,Borough,71034,63.61179154,3.211171602
Tom Hunt,tomhunt1988,0,121,1,Conservative,1,Ipswich,East,England,Borough,75525,65.64581264,11.05104984
Tom Pursglove,VotePursglove,0,33,3,Conservative,1,Corby,East Midlands,England,County,86153,70.19488584,16.97891691
Tom Randall,Tom_Randall,0,121,1,Conservative,1,Gedling,East Midlands,England,County,71336,70.02495234,1.359277721
Tom Tugendhat,TomTugendhat,0,48,3,Conservative,1,Tonbridge and Malling,South East,England,County,79278,71.90267161,47.26242478
Tommy Sheppard,TommySheppard,0,62,3,SNP,0,Edinburgh East,Scotland,Scotland,Borough,69424,68.87387647,21.7860504
Tonia Antoniazzi,ToniaAntoniazzi,1,50,2,Labour,0,Gower,Wales,Wales,County,61762,72.02163142,4.129760353
Tony Lloyd,tony4rochdale,0,71,10,Labour,0,Rochdale,North West,England,County,78909,60.12875591,20.37642001
Tracey Crouch,tracey_crouch,1,46,4,Conservative,1,Chatham and Aylesford,South East,England,County,71642,60.49524022,42.77803415
Tracy Brabin,TracyBrabin,1,60,3,Labour,0,Batley and Spen,Yorkshire and The Humber,England,Borough,79558,66.52630785,6.660116765
Trudy Harrison,,1,45,3,Conservative,1,Copeland,North West,England,County,61693,68.92678262,13.73844743
Tulip Siddiq,TulipSiddiq,1,39,3,Labour,0,Hampstead and Kilburn,London,England,Borough,86571,66.28663178,24.72423107
Valerie Vaz,Valerie_VazMP,1,67,4,Labour,0,Walsall South,West Midlands,England,Borough,68024,62.43678702,8.137125636
Vicky Ford,vickyford,1,54,2,Conservative,1,Chelmsford,East,England,Borough,80394,71.05256611,30.84800952
Vicky Foxcroft,vickyfoxcroft,1,44,3,Labour,0,"Lewisham, Deptford",London,England,Borough,80631,68.66837817,59.44408322
Victoria Atkins,,1,45,3,Conservative,1,Louth and Horncastle,East Midlands,England,County,79634,65.71564909,55.16318887
Victoria Prentis,VictoriaPrentis,1,50,3,Conservative,1,Banbury,South East,England,County,90116,69.82222913,26.72080863
Virendra Sharma,VirendraSharma,0,74,5,Labour,0,"Ealing, Southall",London,England,Borough,64581,65.37061984,38.09839638
Virginia Crosbie,,1,121,1,Conservative,1,Ynys Mon,Wales,Wales,County,51925,70.39383727,5.384110309
Wayne David,WayneDavid_MP,0,64,6,Labour,0,Caerphilly,Wales,Wales,County,63166,63.51043283,17.03267941
Wendy Chamberlain,wendychambLD,1,45,1,LibDem,0,North East Fife,Scotland,Scotland,County,60905,75.32714884,2.868477266
Wendy Morton,morton_wendy,1,54,3,Conservative,1,Aldridge-Brownhills,West Midlands,England,Borough,60138,65.41953507,50.41939912
Wera Hobhouse,Wera_Hobhouse,1,61,2,LibDem,0,Bath,South West,England,Borough,67805,76.89403436,23.63343435
Wes Streeting,wesstreeting,0,38,3,Labour,0,Ilford North,London,England,Borough,72973,68.67471531,10.41226005
Will Quince,willquince,0,39,3,Conservative,1,Colchester,East,England,Borough,82625,64.59667171,17.6549941
William Cash,BillCashMP,0,81,10,Conservative,1,Stone,West Midlands,England,County,69378,71.84265906,40.01564914
William Wragg,William_Wragg,0,34,3,Conservative,1,Hazel Grove,North West,England,County,63346,69.88444416,9.991190223
Yasmin Qureshi,YasminQureshiMP,1,58,4,Labour,0,Bolton South East,North West,England,Borough,69163,58.70769053,18.71244212
Yvette Cooper,YvetteCooperMP,1,52,7,Labour,0,"Normanton, Pontefract and Castleford",Yorkshire and The Humber,England,County,84527,57.09299987,2.644066392
Yvonne Fovargue,Y_FovargueMP,1,65,4,Labour,0,Makerfield,North West,England,County,74190,59.65628791,10.70968617
Zarah Sultana,zarahsultana,1,29,1,Labour,0,Coventry South,West Midlands,England,Borough,70979,63.46102368,0.890240654
